,test_date,cough,fever,sore_throat,shortness_of_breath,head_ache,corona_result,gender,contacted_positive_person,temperature,beats_permin,SpO2
0,30-04-2020,0,0,0,0,0,0,0,0,98.91,76,94
1,30-04-2020,1,0,0,0,0,0,0,0,98.44,67,97
2,30-04-2020,0,1,0,0,0,0,1,0,102.52,69,95
3,30-04-2020,1,0,0,0,0,0,0,0,98.06,86,99
4,30-04-2020,1,0,0,0,0,0,1,0,98.81,78,96
5,30-04-2020,1,0,0,0,0,0,0,0,98.86,68,94
6,30-04-2020,1,1,0,0,0,0,1,1,102.25,60,93
7,30-04-2020,0,0,0,0,0,0,0,0,98.83,88,99
8,30-04-2020,0,0,0,0,0,0,1,0,98.27,60,94
9,30-04-2020,0,0,0,0,0,0,1,2,98.57,65,99
10,30-04-2020,1,1,0,0,0,0,0,0,102.49,60,93
11,30-04-2020,0,0,0,0,0,0,0,0,98.72,82,94
12,30-04-2020,0,0,0,0,0,0,0,0,98.85,88,92
13,30-04-2020,0,0,0,0,0,0,0,0,98.9,70,92
14,30-04-2020,0,0,0,0,0,0,1,0,98.46,81,98
15,30-04-2020,1,0,0,0,0,0,1,0,98.78,67,98
16,30-04-2020,0,0,0,0,0,0,0,1,98.3,66,99
17,30-04-2020,1,1,0,0,0,0,1,1,102.08,88,97
18,30-04-2020,1,0,0,0,0,0,0,0,98.24,60,96
19,30-04-2020,1,0,0,0,0,0,1,1,98.63,68,94
20,30-04-2020,1,0,0,0,0,0,1,0,98.99,87,98
21,30-04-2020,0,0,0,0,0,0,0,0,98.15,88,99
22,30-04-2020,1,0,0,0,0,0,0,0,98.21,81,93
23,30-04-2020,1,0,0,0,0,0,1,2,98.85,83,99
24,30-04-2020,0,0,0,0,0,0,1,0,98.05,63,94
25,30-04-2020,1,0,0,0,0,0,1,0,98.38,88,92
26,30-04-2020,0,0,0,0,0,0,1,0,98.54,71,93
27,30-04-2020,1,1,0,0,0,0,0,1,101.69,76,94
28,30-04-2020,0,0,0,0,0,0,1,0,98.86,60,94
29,30-04-2020,0,0,0,0,0,0,0,0,98.62,62,92
30,30-04-2020,0,0,0,0,0,0,1,0,98.3,85,93
31,30-04-2020,0,0,0,0,0,0,1,0,98.17,86,93
32,30-04-2020,0,0,0,0,0,0,0,0,98.12,87,98
33,30-04-2020,0,0,0,0,0,0,1,0,98.85,77,96
34,30-04-2020,0,0,0,0,0,0,1,0,98.61,75,95
35,30-04-2020,0,0,0,0,0,0,1,0,98.25,70,93
36,30-04-2020,1,0,0,0,0,0,1,1,98.74,86,96
37,30-04-2020,0,0,0,0,0,0,0,1,98.51,83,96
38,30-04-2020,0,0,0,0,0,0,1,0,98.16,64,92
39,30-04-2020,0,0,0,0,0,0,0,0,98.06,86,94
40,30-04-2020,0,0,0,0,0,0,0,0,98.53,82,92
41,30-04-2020,1,0,0,0,0,1,1,2,98.37,75,90
42,30-04-2020,1,0,0,0,0,0,1,1,98.26,76,99
43,30-04-2020,1,0,0,0,0,1,0,0,98.77,87,90
44,30-04-2020,0,0,0,0,0,0,0,0,98.75,68,99
45,30-04-2020,0,0,0,0,0,0,1,0,98.87,64,92
46,30-04-2020,0,0,0,0,0,0,1,0,98.23,68,98
47,30-04-2020,0,0,0,0,0,0,0,0,98.33,67,92
48,30-04-2020,0,0,0,0,0,0,0,0,98.15,64,98
49,30-04-2020,1,0,0,0,0,0,1,0,98.66,78,98
